[
    {
        "name": {
            "firstName": "Jagan",
            "lastName": "Langa"
        },
        "gender": "m",
        "designation": "Tech Architect"
    },
    {
        "name": {
            "firstName": "Murali",
            "lastName": "Krishnan"
        },
        "gender": "m",
        "designation": "Tech Lead"
    },
    {
        "name": {
            "firstName": "Vijay",
            "lastName": "Kumar"
        },
        "gender": "m",
        "designation": "Lead Engineer"
    },
    {
        "name": {
            "firstName": "Tamil",
            "lastName": "Vani"
        },
        "gender": "f",
        "designation": "CEO"
    }
]